user_id,is_active
54d1f77d-51fe-403e-98d3-9f531e84a8c1,True
34ea05c9-4ccc-49dd-8f31-75505e1b116a,True
ca6cee9b-3f57-41e5-85f1-4cadf49d6eb8,False
a083769b-4967-412d-a295-a063649d4429,False
01e369cf-d35a-4e96-ad63-7f260c087561,True
d7b0a9ef-9195-4219-be39-34b43a76887b,True
9ab01828-0524-4c3f-91f4-0efef6b639b8,True
0be25b4d-9a9e-4167-a669-57258a96c615,True
8a1f555e-e947-4a26-b5a4-c8d68a8121b6,True
f0d214a7-60dd-4149-81bb-4f2dced8f6f9,True
858cbe27-0700-47a5-b290-5c2e42c02eb8,True
8c85429f-24d9-449c-a9ba-825b6d38a36d,True
3768b13b-4e25-4913-9b43-6ec4b32bb9ea,True
6933c6b1-e9c0-43af-9347-bc6251096a40,True
5b0c47a2-3e85-42bd-be53-c1c6e0ca93cb,True
9eabbb71-24e0-46c5-b2ac-f6969da76f5c,True
f477bcf3-29d3-4e20-a92c-2e5bafa12c5d,True
4f3719d3-d263-4a92-a096-20a1012ea0ee,True
05ef14ef-3d35-44fc-ba50-b767d459c1e7,True
50e47d33-cbb2-4b60-a862-25327071066c,False
915deb58-e4a6-4f1b-8fcf-6578c96c6b0f,True
5eee028a-76ff-4ebc-a9a1-4f78b3b308f9,True
c8107e55-5093-4643-9eb1-c67b6acc8f4d,True
108eb447-b669-449e-8641-ba6390b53b0a,True
07c0b8eb-7d23-4a8c-9186-17b8fde01b59,True
4c0f450b-c276-40c1-a370-8b959b321477,True
be29cb08-a391-40ba-a8af-ddab2d638c2d,True
84e1586a-53d9-457b-9cbc-1185bc00bd2e,True
b393bed1-5f28-4e1c-93d3-436499a2df4a,True
ad0fe235-39f8-4117-b8fa-48d87f5c08ad,True
9f900bee-1801-4ea1-affc-2b82ee14f1e0,True
0efc5b01-d917-439f-a653-a61329bddf97,True
b246810d-5d25-4df2-814e-d9c64fbbb16b,False
16a65def-b4ec-4f76-99a7-15bac935bdd7,True
84a98f0f-5907-4aca-a930-14974c6499e6,True
3bf8c936-1dba-475d-8425-08d01755ac35,True
84b5fb8d-645e-4ed4-acc7-dd3cf06927aa,True
f1e6c3d3-00c4-47a0-86d3-c70ccf59972f,True
98ca58d2-08d1-4b2c-a268-b6a15aa882d2,True
8b438dac-9eeb-4008-bb7e-bbe3b4557335,True
a1fe5c50-eef8-45a3-98df-bc4112ec2a80,True
add36c2b-168b-4e29-9dfc-dc2dfa35fdb0,True
24ffff94-4dd6-4504-99c7-9ebcacdec12d,True
8361576f-a940-412e-9445-a4c6d90cc4a3,True
740be67f-3495-44dd-a456-d2e887892671,True
e23392c4-29f8-4dde-9909-55ddf953f79d,True
b8aa09c8-995c-42d6-8054-df225125cf3c,True
fc7f7e08-a706-497d-b974-f3aebbf0af39,True
3525630b-4611-4da0-b2b5-189e8be2823b,True
038f1408-5bc5-4a84-997e-81a6e7bf76e4,True
60f589ee-d626-4a75-b7c7-1e7d5d5ccd62,True
0aee5588-bcc3-4f3e-bfe4-201b49cd1880,True
a9b3dc7c-6966-4065-a0b5-742920e364bb,True
ff41d6ab-0590-4910-92db-0778b83df5df,True
c300d4c7-07a4-4f39-a736-0c82a5e0df9c,True
b66484ea-cdd7-4efa-8a29-720c09448c66,False
de6245b8-c268-4adc-8099-0e6509ce225a,True
e248305d-7db7-414a-bf70-de1a4421f5b7,True
92544dc9-590a-45ae-be87-bb99d11dc358,True
15fd02bb-6b35-4f0d-a99c-3a4e0b97d8f3,True
5aadf56a-ea66-4e81-85b3-06e70c304378,True
b781acd9-c5ca-44dc-af27-3921c759ca7c,True
141d8a99-d2fc-486b-8f3f-989693abe6cf,True
cb3375a1-be06-4074-b9c7-d2082ad45de0,True
499b477b-7551-4faf-a5b4-5b3004980394,True
7b881a6b-b539-4520-aea5-7ade993923e3,True
7af9039a-b899-4588-9f10-7b3c1e518fe6,True
aea2d960-3b47-44d6-b4a5-29ce5222e9a1,True
b4e34124-c545-47c6-96c6-1b5651359ca1,True
78c307ba-4039-45d2-bc42-c594cdccb578,True
d9714748-cef5-4bbb-ab82-6c95cc7082d2,True
bb1c9fe6-935d-4bcb-b91e-30718726c4b5,False
ce183400-ed7c-45e5-94fb-1c869ecf0d0c,True
fea3ac2e-8382-4e76-bbcb-89d514e6cc0e,True
65c0adfd-bf08-4c04-9e6e-e42bebd83188,True
2c949ced-6164-4b9f-bac5-6c5a6c2c698d,True
82b75a92-9b28-48ce-bf7f-2b1f1ee5a6b3,True
90551cd7-17ea-42a1-b593-e5a874677953,True
5665b506-bf52-4d53-87f8-1acef7b306fb,True
57483d85-5286-4b5e-b9fc-18486711cb99,True
cf70432f-1835-478c-b5ac-bbbe682012fe,False
0e1d2b6d-9204-4b5e-993e-a8f2df6af7e4,True
2b42d000-bcc5-4f4c-a30f-a8a2109d2577,False
0e277247-1ab8-4ff6-8f19-c67758447862,True
8eb5ce8f-68df-4a4f-a068-8c76c044edd7,True
b247f0ee-737d-4baa-b18d-b7efe66b0a99,False
aca70e9c-9a95-48bb-b2b0-992fdc9dce96,True
6fe9d4f9-a3bf-4551-a572-86330ed798ee,True
233e84f7-5706-4379-a38b-85ec30a47896,True
dd5c46c3-96dd-4e41-b556-056f1f30fdad,True
0091500f-6153-4ea8-b362-b40089a356a9,True
3ecc34eb-54a2-4b00-8d2c-9407033dc92e,True
c22db4f0-5f06-479a-b4d3-3a4a38be4a37,True
2b3bc3b0-1058-4519-a0a3-7b736d3e32c1,True
367315e5-6a9e-48c2-bfaf-5a796fb2e6d9,False
27c377d1-21d6-42a1-afb2-980d2ac9eb3d,True
91412323-a60b-470b-878d-99fc9d3facf8,True
6a69c760-d41e-473b-9beb-ed2d6c805108,True
81496394-b00e-4824-9b87-fcdef8d38309,True
0120e706-a90c-4e4a-8c53-27a34f7c0fcf,True
8b77c729-eb0c-443e-ab4a-244ed843dd53,True
ab95d2ab-d7cc-4f39-91c7-bfa0aa83a453,True
dc639ff4-f2a7-4e41-b031-b9c69691ecd6,True
006cd912-1633-4672-9336-4e4a82c9d018,True
97ac2db0-38ec-4264-9dc1-d1abb357a899,True
7a62e8ae-03e1-4786-b20e-571af5afecd8,True
2185b199-58ee-45d8-a634-d4f05eb7cc5e,True
457efd71-8d17-4b3d-b296-418241460b4a,True
9a36dfe2-7328-49ee-9c27-d8dae77fa942,True
fb16751e-e63c-43da-a804-105347ea403e,True
851d3cfd-8eaa-4b53-b266-98ec129e6668,True
e86fc6ba-82b6-4cdd-ace9-7ce675279f83,True
fb580374-dd06-4ba5-a071-0a23f394f969,True
7a15d8e6-6ed6-4cc7-a701-b3c29e675f99,True
a368cac5-dbf9-4237-a645-086e1fcf3c4b,True
d3e5d3ec-4cf0-4bb9-8822-830987852f0e,True
fc00ba88-6957-4ace-94f3-ed544eca3c49,True
5b791629-6d42-4009-b5d2-a64c1101f7f3,True
86592e8a-5218-47f5-b421-75195be682ea,True
5ad1b2b0-eb10-43d4-9933-6f514b181d3b,False
b1753671-4308-4297-ac8a-ca17697e98bc,True
a3953dec-4f5a-4736-b8bd-85cd3feed1b7,True
2ebb493c-c572-4013-a68d-d6eca114ad70,True
66bad69a-c6cd-46c7-9013-d0a5c378ad36,True
2e5fd3ac-dedf-496a-97de-83787cf6c4ce,True
7bc51806-507b-4fbf-8e84-061ce0e6f084,True
e4e1ce47-b13c-4295-9d7b-9b73ca580c38,True
8b4a1a6e-370a-4b88-b5ee-f336fdb2fea7,True
08c28bb0-5019-4776-a33c-8f81871c7ee3,False
2b771b6b-00d5-4f00-af82-d8c8da4000d3,False
79ec98f8-d50e-431b-8736-545dcbb78089,True
f598595f-c7f1-4eb7-9dd8-ffcba43f421a,True
679fca19-5ce6-4903-a01d-52bcdadd19bf,True
c6dc2c5f-55ba-4bad-a21c-c3c4b74fcb35,False
fb608dfa-6cf6-4043-bede-4d41cb1c3b0d,True
32469a62-0ba4-4890-a0ac-5177d61b5dc3,False
c460fa84-8935-44eb-9738-ba307adcc129,True
424bded4-ca2f-4277-b21b-c9d905f6e171,False
b9d186f0-749d-4e16-9720-50da0c9d318e,True
be464927-577d-424f-803d-ad80c96f147c,True
7bed6748-dcea-43f9-94cf-73ffe2ca810a,True
50e32e77-a229-4c92-bf55-ce749b7f6a95,True
1d7445be-18a4-4fc8-8150-086457f5d9c0,True
9cca47ff-54ac-48f1-a0df-9d7328c94120,False
2859053f-b389-43bf-bab9-7ccefd27fa13,False
c3bbdb61-4a36-48b9-b4c9-79c4c22df74f,True
23c271b0-0dd2-41d9-bc61-8a6b4f39dc0c,True
ae544115-245f-45d5-aed7-f70cdf558a3f,False
0cfb8efc-e47e-4567-9a63-4f859d5bd097,True
cf835ad5-cbc1-4c9c-bdd8-0fbb7afa98e9,True
c31e0841-aa6a-4fd0-a94e-d89a5ea67905,True
346cb441-9ff3-4c3d-b3ee-61811d497048,True
ce5216d7-bf2c-427c-994a-7c12b2976edc,True
bc8d6452-a266-4a83-bfd0-5816b2b8e4fe,True
855f2e01-0d9e-43b5-ac36-cb5637748267,True
9bee3414-6108-4bd0-b7fc-8b47c86ef515,True
1b374185-a71f-433d-bd61-4391c9971302,True
ecdd9b93-7233-4fd7-a771-d89090336eea,True
1052525e-3ec0-40c0-84cb-c9426f595a02,True
e303c316-afdc-4322-95ef-e9f40650014f,True
783191b2-9a54-4195-a6ca-f9e625a33728,True
2dd7388e-1a24-4e0e-b1fe-6714219e561c,True
0ce23457-842b-4576-8872-c06751064a06,True
3f1389af-00ae-47c5-a43a-68f2e7248e52,True
2eb942ba-dc6c-41a4-90bc-8a513cbf3a3f,True
afd5817f-92ea-4321-96d3-92195c67574c,True
bdf6e9f8-a319-4ea3-ba70-06083c9012f9,True
a336cb23-e6f2-4c55-82b1-4e0586acd449,True
bf56c8ab-5e99-40e4-a659-a91363721f1c,True
6db142db-d614-4839-bed5-d16e6b11a58d,False
31e245e2-9dc2-4c0d-9548-27d6f4318023,False
dfd5fda0-0fa6-4a22-99e7-305ba753e68f,True
30d88c5d-e385-41af-8881-b024136d5801,True
9e4d6bb7-c8e6-4c0d-8983-a15237b97843,True
32c1d5cd-e750-4fb2-b138-21bd4466479d,False
94d5672e-ab6c-4933-9174-e6e580a32579,True
14acad48-3368-4e53-bf34-d477458020ab,True
a661866b-7b47-4245-a34c-1f53a8f33c00,True
921d5870-7433-44f3-a7e0-0f57a0378c03,True
79851ffd-14c7-45b8-ac96-6de61d5cce16,True
7a351cf3-b4b0-48d3-b17d-aff03b65ca5f,True
ecf94f9e-2ca9-420e-92f8-dc1696183e6b,True
99bd2a9a-03ac-4902-b6ba-2dde658f3da6,True
7788cb9c-e06d-4c33-99a9-aec9bd65f655,False
9ce3fa45-d641-4d4a-88d6-a9517e1d9af4,True
d0e79fcf-56d4-4481-96b6-8792c85a6643,True
77b6237b-603c-4f39-b4ef-5305e9a21e1c,True
45c49b21-ca7f-45f9-b2a5-794ea97343f2,True
de30340c-966c-4667-99b8-6a8c900de17e,True
ab4b7ba7-6b03-4c1b-8634-da42ea05c1ef,True
3596062f-5c06-4da7-9b59-10364335ac4b,True
a0638171-d2c5-4ea1-bed2-d7e3260e42fc,True
5c85cc37-a10a-492a-b3b9-48564c85fb4e,True
85296939-0580-4157-b613-9d7b11489748,True
99511f73-d748-40c3-8ef8-635fef832c45,False
85b24abb-bc93-4c71-a24d-f8b62835a00e,True
38d12626-4cbb-4585-916a-cb64000002b9,True
153634d1-dd1d-4b2a-9a5c-d046e8a99f7b,True
0c37de9d-0ede-4fb3-bae1-477c4c411136,True
8f4e53bb-fb36-4e38-a3c3-e8555fa24bb2,True
5e16c98c-eb1f-447b-a696-8159e4a7e72f,True
12288b3c-e49a-4b0f-8ead-3a65f4eaa525,True
e01100af-9874-4134-ab46-6338b93e1436,True
c76aee09-31e0-4861-a982-107dc290d51e,True
2cab9058-13fd-486b-b49d-8cdb256c99f7,False
c89f2e52-d8ff-48d6-a933-adec13c73c1f,True
300bd8da-3971-432d-909b-0a0579eb6088,True
1a3b2e2f-7f92-4f65-9114-e9e7b2daa2a7,True
04cc5df3-c3b7-440c-9add-aba86dd504b1,True
ab58dcd9-e619-4376-af42-8108c99bd5d9,True
1f334222-e7f8-4a9c-8d6d-595cb294a8d4,True
b760895f-aeb6-4a5a-a506-2849c45e375f,False
3dd31523-bc0a-4f10-b1a4-12f2bd592e1e,True
6985efc0-1fc2-406e-8316-a1e7f16571ef,True
8fdb3de1-157c-4590-917c-58dd2f21ea5e,True
4d8bc254-1a3c-43ca-9806-7dc8401de007,True
db5a6659-67fa-4ab6-b244-9f663561db3e,True
2d989006-0b75-4a10-aec2-c8901f958c1f,True
446236fe-f2f2-427e-ad38-971c406bf2ee,True
3610ecf7-901e-427a-b031-a500a37b4e52,False
7d14874c-5e20-4797-ab8c-7ea7bcff084f,True
5f926023-502e-4b3b-818d-dc90e4e8698b,True
259f2a4f-a7bd-4235-be54-d2d9d3d7e3bd,True
4ae7d315-992d-4d0b-829a-22f5450393c8,True
bcf747f9-d309-4dfd-924d-ef02b4532cb3,True
ae2da618-20c2-4d44-92a4-e9d3941917cc,True
90b6bc00-7de6-4eda-813d-13230609179d,True
df9b5cf9-9940-47aa-b62b-049388f2164f,True
d0db60c6-8ad2-451d-b390-66df4efd8ab7,True
05ab9f42-9967-4009-8031-465d831bf640,True
2fdd0794-9870-4917-ad7a-01efff75acdf,True
a1175927-90fe-4ebc-91c4-7dd3103f08ca,True
f9b37442-c6b5-4aac-9b2f-3513697da10d,True
6c9298f3-83b0-4682-8c75-edcd601d0174,True
f37e6afe-d3b7-40a1-b2fd-2652c9cf2189,True
b230ccad-4738-4d96-b1ee-1dcc3e77314d,True
2871166a-fa92-4e10-892f-928cdbe41cad,True
99311826-7a0b-43d9-961c-6731a82cb7d5,True
6ae6ce90-ab53-4310-b89f-332edfd709a4,True
b1a55b9a-2bc5-495b-b565-2c48f2eb7fb1,True
f7118f82-44e5-4ed1-944c-8aacb5f7edf1,True
12374e80-3e84-47fb-84e6-2dabfae49452,True
0a57ebbc-90bc-46d2-8123-996e4cc8c9fc,True
b152ebba-7e1b-4167-b553-9fdc32bac3eb,True
f2b7c2d9-cd0b-41b5-98bb-1bd2415a048d,True
84821847-c72c-4489-9ae7-56d633cff886,True
31be34f4-0e75-4ecd-ae5f-750f041f6aea,True
af753220-a244-4e7e-bb44-7ed8379fed9b,False
c2968311-d862-441a-b2f3-fe2f803f44f4,True
4dfa3001-d196-47b0-947a-e4428037a9ad,True
829004e5-986a-475c-8a81-c6a45109c6d6,True
93348287-3ce5-4a8a-becf-666aeda57fdc,True
1656b197-9600-4398-9888-cec6bd08aa89,False
6a2d0853-a10c-4cf6-ae7f-80b1fba04131,True
34949320-48a2-415b-8fa8-136f3bc61676,True
94b1c311-2499-4e98-8c0d-fcdb6a8fd0ac,True
a2a14d6a-9d9b-4761-88f3-02a10966aa17,True
91c7f194-8633-4c7d-8f0b-dd7730db8184,True
420a13d4-85cf-4006-96f6-e9c480b7eac4,True
13ca7594-67d7-4242-9e45-5da59ef087de,True
3563ee90-95f4-43c8-b3a6-7e9b7c84dbf0,True
9505225b-01fd-4c5b-b81c-72b40ae5018d,True
b2360e84-6b9f-42b5-a029-dff551452153,True
a8df752c-ff63-464d-9887-51ff01983161,True
5d47f241-0cc7-4c2e-9661-d4c943a3a443,True
b2489cc8-05d8-4c85-994b-8321ae4de4d2,True
d4e4876e-5c34-4ae1-b176-8dfc7021c368,True
a8220709-6810-462e-9365-508ee2da4fe9,True
56f201aa-88f0-4dd6-ba7d-bef890b7d616,True
88195b58-e825-4d15-a436-2a111dd736b2,True
69b84c2e-67f0-43d2-9da4-90984db755b3,True
21be6e83-2a19-49c3-9291-c7b10e7b870f,True
2f43d2f4-3e28-495e-b4d4-955d64633ed5,True
86692263-21ff-4d8e-9e0d-376911ab1bc1,True
ff1c6fb6-f623-4d7b-b6f6-17aa3a15624d,False
8f075794-41d7-4cd0-a6eb-39a144f5a44a,False
52c84c0e-0a14-41ac-b0f6-fdabc5e9432c,True
f02fd8ac-7989-46b5-bd67-ad5af9ad7a15,True
4a1a1ce7-44bf-40c3-b1ed-5617f71c76e9,True
0decdbd5-fd40-4bbe-a302-db5a9b55c0f9,True
401ee075-c210-44bf-b1a8-9266d3fcf89d,True
62aeac19-ad08-4447-ba9c-e6a44d12b52d,True
45e3b0e4-11ce-40d2-a4aa-a79de0afa90e,True
fd951d43-1e7c-4097-b18e-36fda89507e4,True
4c1e73e4-ccb7-434b-a291-4f04bcccc90a,True
d9f70e47-7266-48b0-9ca0-36b77d8de78b,True
ed4cb7ad-f4d3-49c7-aa33-52b8f2412faa,True
bf92c607-add0-4bc7-bbd2-4750e0a772aa,True
04c177c8-9940-4c94-ac5c-a8d9f2bc2255,True
472a84b4-ce09-47d9-8fc7-ebc0dcc3b284,True
45ec0c44-d956-4b9f-bb36-078ec5a6a494,True
944edcdb-c260-483b-8e54-e59f91c5dc08,True
70f7b0c1-da09-457f-934b-079d5db455cc,False
12346779-2800-4c5f-8e6c-118060a5e3dc,True
fcf19ac8-eb2c-4908-81a6-b92d1f32233c,True
aa0a3347-324a-4ddc-a125-27ebec80fe64,True
4a98dab0-e38d-42d6-8f04-cdbc4bf9aaeb,True
6db86be4-9cc0-4e5f-b922-58845b4e3e32,True
6cc730f2-bff0-458e-8757-e73a5fc28bfd,True
3df79e0f-612b-4d5c-a406-8118f29ccab9,False
fb24e3a4-a310-4fe1-a475-dd247101a3f6,False
d7ac57bf-6ec4-419f-972c-3bf47211ab5c,True
3ae78337-1bce-48b3-b84f-a931b6d6e24e,True
1dbdd909-de0f-4c83-9462-72f16d6007c2,True
2c1c99e6-6941-44f0-b3f7-9728b16d1b0e,False
0d18b38b-7494-4b30-84be-fe5a7d269088,False
01394f7d-8ec5-4d5a-8294-b57e4383a572,True
b50bdda7-7f9c-4612-9607-d9eab0d71ff9,True
d3400b50-5320-4f0a-8b29-ab4cfe2c7319,True
4e4826f1-8fc5-40fb-a542-53549608e215,False
fcc29bd8-a16e-4f41-82cd-3f0337c6b8f7,True
70170396-0a14-4ed5-a520-b1b0a22ac0c6,True
193cd7cd-7211-4c82-bba2-c245dfc38e5f,True
b8024dfe-0a80-47cb-8767-e60f748242fa,False
fd0f64b4-d0f9-4d03-a0ca-ded85049d35c,True
88797aa5-4bd2-4e42-8bf2-b6ba3d16081c,True
c69896a8-f0fc-497d-8bb3-acc059991bf9,True
27596d0b-17a0-42e2-b4bf-f89f3bcc5904,True
a32c8907-3a02-4921-a48e-0d9943d57bc6,True
64e6dff0-1135-4541-a025-fc2e177beafd,True
73dc5b78-1a44-42bd-af60-5571e01a4651,True
c9e03875-10ec-4140-8277-fa147bf568b7,True
e6e69ddc-2d14-46bb-b878-490fd19f640f,True
e54d04b8-2aeb-41f4-b4d7-9188910de129,True
98f0dde5-f08b-4970-8c08-8a89a152d05a,True
9b3ce9a7-ef6b-48cb-aa91-ae2aec0a8a58,True
0558fdd3-dc01-4563-9cb1-9daeb31d1da2,True
3c306aa5-0822-4eec-bd2b-09664d08544d,True
8fb6b25b-dedb-4ead-b7f9-9ae054eea562,True
df331439-6ea0-46a8-969d-ab7534287516,True
4720db7e-e949-48cc-8396-c2be6c6b640f,True
b309f993-f87a-465b-bc51-f1d2c9cda0fc,True
d0e4dfe9-8d96-4231-b9a0-102554fd9afa,True
9fa73900-1ab7-49b1-8f4a-7f6dc64eefde,True
fc9bb1a2-adfe-4aaa-9ae0-d5659cac0156,True
05d70ba8-a55f-470c-a077-1ddf58dc781f,True
290756d3-9775-4d96-8aea-bf965aa73623,True
d7168226-cef8-4c55-af30-1032bfa3ec70,True
db46172d-5777-4b0f-a27c-66f0c139e1f1,True
6eb670e8-991c-42b2-88a7-e19dbdcd3c41,True
39d39a73-7afd-4fcb-8df5-6203baaa9ff3,False
46f7118b-a8bc-4bb1-a8ce-247c9842745e,True
90a62254-d454-40cf-83e9-9132db1aefae,True
221a0d84-6e8a-4262-b06a-0a18c07040ca,True
141f651e-1c37-4fc3-81bc-4a7807dab53d,True
b87fd7eb-e5f2-41e7-89e9-d85dc7cb880b,False
df5c92c2-8981-4351-bc66-c8256870e172,True
a9394b4e-b9d2-456f-99d0-b047005a86bd,True
afd62f3d-b4bc-4064-873d-db0bc90856c2,True
06636c25-5ed8-46fc-89d3-5d9ff09ddadd,True
583b9152-9787-4576-81c6-75a70d736497,True
d9273385-fbf4-4d87-a358-f0edec6fa228,True
dfc2630f-3267-44cd-99bd-df6c3193f60f,True
ad22db01-7869-430b-b80c-be6d7634c33e,True
8b357c2b-ab0f-4bb9-921d-d848bb6c0b75,True
92c61ac2-a388-4052-a121-d0b10e276652,True
f839524f-71bb-4551-96d3-364ef6823bde,True
549a63d0-3de1-4e38-9a2d-360a10b154cb,True
de318f5a-1f78-4be1-a2f0-305064b1e00e,True
2169c259-ece5-4e32-ae3f-7a9f3584ffa9,True
7b37f750-f0ae-4f60-b4fd-115cecd19190,True
da760e46-1b60-474e-96b3-10a92054a9cc,True
96c794b7-2f98-4147-a40b-ecb082c910d7,True
b13b6c8d-2f24-42c2-936e-0b2056468240,True
85f25364-d743-4de9-be2d-ed0da342aa90,True
ac198c47-ffbc-4372-9fb7-e128629714a1,True
d0a6dad5-8942-48e6-8390-51c52226b85c,True
bf5e946c-88f2-4927-a216-78d48f9dad17,True
3addb33f-5cec-4d63-a2ba-dedb23125dbe,True
f14a3ebd-76bf-4bf9-8919-0528406f0116,True
63754942-6b70-41f9-9784-6be456c21951,False
cd72b802-0ff6-496f-a239-f028583a939a,True
5df7adab-3509-40e9-bf16-75f0d2cb6087,True
28f251fd-9bd9-435e-be87-d3a8a1316e2c,True
21084a6a-876d-46be-9951-fb5b7d0eddf4,True
ed353153-6952-475c-aecc-0519ed6d1209,True
8223be8e-d64e-4065-ae68-a8e548cb2d8a,True
502f1efa-f191-427b-a783-3edfb666c7a1,True
e6e4fcf0-166e-49ff-a75f-1659bc383147,True
9e8865a0-7227-4a6d-915e-70cb4ae04b3b,True
5489d681-5962-401c-9c80-883a7e87c4c3,True
e6e04629-2f4f-404a-b872-d63d33db7d39,False
d63da7a8-92ec-41f2-b694-8d2f2e004605,True
6bcbafb0-bfbb-40d5-ac8e-43aeec2e2707,True
ff55b3c5-e204-4568-b856-0696b717ec3b,True
5ce103e3-d4b3-45e0-ba5f-858ffa5dad65,False
6511929e-0fdb-4ff4-8018-1c43f9278432,True
ad9852de-fbb2-49f4-984f-d4c2c7c1fa13,False
d05f2060-47fd-48d9-9ee1-07052b48b7a1,True
9672df6e-3578-4637-8939-cd452d64075d,True
937072ff-17f3-4ea0-97d1-2a525b8d4512,True
a8c9d0e8-9c39-468f-a905-e7b83898865e,True
91d96b9c-c36b-442e-9933-5f256a7003e4,True
72f84e72-884d-4f7c-a57e-750d95bf00b6,True
c7d0272b-1439-48a7-a114-0b025f71ea99,True
d8e6e384-3e5a-4b63-9f9f-6ac84b439af7,True
64e2cc2f-5e92-4f81-8a11-15bed214b74f,True
72e40cae-e1e3-46d9-9909-a0dfd9dae801,True
05f23261-cc0d-4b7f-8131-d7092462b19b,True
58fed9be-00d7-401b-8a90-f1ca8b170e7e,True
4127f5b5-b887-40dc-92ee-7394d424db97,False
1b69b3ed-9dd0-4504-92aa-2d72483282e0,False
c24447c9-2fb4-458c-8843-6b4cb3ea4303,True
7913ea57-f924-4a3b-8426-900c6f59efa3,True
4008400d-c2ef-44a3-a3f2-6f768b9e09bb,True
fe87cd35-fb0a-4031-bfe8-72e5e9b02f6d,True
4a6afe88-0abf-4ae8-889e-19e9c4a5295c,True
835ca5b6-8719-4344-bdaf-2dc545f3aca5,True
5a2126b6-32a1-4fd1-8493-4622b46bc82c,True
1dd9ca56-902e-4fad-b780-b5865922b419,False
0357e638-849a-47e7-9113-1decebacbbdd,True
13d85b06-425d-48a3-b51a-b75ed755ca10,True
460ea56f-14ae-45a8-8ed5-90b5e9f520e7,True
04a55068-6d1c-4c9e-bd9b-420751b0a3bf,True
15c0aca9-347e-4f87-9e51-329e7f2ad5a3,True
ff74cf13-dbaf-45a4-aa67-061d2173add3,True
58e4fd08-5bc3-46f8-8340-f6f0a301212d,True
ad2926db-673a-4837-8022-8926f1629a6d,True
f317cdb5-9496-4d42-a027-ecc881896e98,True
175313d3-79ea-4f2d-b922-3537b03d1791,True
0ee75712-3d6e-41e6-8621-08b79a3e39f9,True
76036fbe-5fc9-480b-89df-735926c370cc,True
a039eb8c-556f-4bba-99aa-92ce2542d939,True
0057d4b9-0af4-4536-b895-1551e1e9b357,True
aa69357a-fe19-450b-9556-d9ee7155cd50,False
a449e00c-08ae-4e77-a0e4-bb34c259dea6,True
b9477d76-ad0d-4546-a385-599e0efa6e4a,True
92878c06-cebe-4392-8c36-fc6b5e7a7831,True
04e12cff-8987-4de9-869a-e48c1c124817,True
658d2027-fe92-44ce-b070-5c91635f2169,True
0b4caaec-2c47-434e-9c7c-75ee4f7a7060,True
68ab7c24-4ed1-4e67-be9a-6d49d3271a03,True
21bfbb94-e388-4918-a455-abb6d95f3c72,False
d0242a16-2c22-4ba6-92ba-e50c083b866c,True
1564e53c-afa2-47cc-bd4b-47fcb33cb27e,True
c463a70d-b52d-4409-b6d8-fc79c76ad0aa,True
8894929b-da53-47d4-80cc-2c48674e8d0e,True
1a291832-0845-4579-a080-cf9204381890,True
cfd922e3-da99-466c-8e5c-1b2346613d5b,False
91f57b04-d8d4-4e1b-8e10-c075b7ca8019,True
e56974ec-b1bd-4815-9795-ab6dcf29c88d,True
c04c5736-322d-4ff8-b770-6875d9b68de0,True
827ce161-b7bd-469b-b14c-53fd3624784d,True
24b89cb5-a0a9-4599-9001-f9b957c534e0,True
3b283b9a-c8c2-4270-a19c-3c7160800a2a,True
3f7ed9fa-8add-4fb7-96e6-c908659e7271,True
d34d7b57-189f-4e59-a9bf-a04337868bcc,True
26557655-e063-4dc9-9a92-0632b7138cd3,True
34831746-7b95-45f6-bba5-8f6d90d8127c,True
34b0fc74-37fe-4f8a-bb3e-762440e80785,True
b00242ed-d5c1-4445-82df-459f800c15fa,True
5f28fca7-a65d-44c7-acc5-0c6fa880d199,True
2531f92a-a3ed-4dde-b01a-422653725811,True
58ef1142-0d1f-4a7f-8ed9-f1feb7808105,True
32abadfe-94b6-4828-8f9a-dc2b773dd443,True
bcb1f596-c1c7-45b6-90aa-88dae80c572b,False
0211471b-bfcf-43ef-84a9-8fbf55e0e51d,True
5e9a788e-a849-4882-bc5b-506f09963898,True
5d27c232-f361-42a2-9f05-ba37629b36d2,True
056345ed-56ba-4712-ac5c-f00e3cc9dd3f,True
6206691f-7996-4d6a-b76e-aa5438f330b3,True
f41fabf7-2652-4784-b7ab-8ff1a12bc46e,True
390186a8-e8b1-4699-8804-df1626932062,True
48e34775-3a0c-445b-9088-5fbd91473b65,True
bfd16af4-f2f2-47e7-bec4-f20c120ad2fb,True
c189d422-2039-4ce8-a27c-69661b814746,True
7916e935-5105-497f-8715-8a6c6ba0166e,True
f286b906-0b86-4a87-bf62-872b6626dd4c,True
292adb31-0e97-4a36-a507-72009c51ff21,False
1d335fa3-5a16-4113-ba27-f4f49ce2b29f,False
152fc83b-6d8e-44b7-b213-2fdbecb8bfa8,True
646cc5a7-b604-4930-b8a4-dbbc63017101,True
5bea540d-16e7-4eec-a6b0-b9912c085817,True
085bab3a-e512-4213-be41-d1df1a610e9f,True
5640e2da-6dad-4d47-b8f9-ead8681e5ff3,True
8c1aa323-cfc0-401d-9cf4-d4ef486173a3,True
5fe8eb18-5370-46b3-90b1-e5bd204382cb,True
746564c5-75a6-4d7f-b79f-a1600edf4480,True
82ff2cd3-c9cc-492f-80f3-44f4c4022f3c,True
000687cc-41fe-423a-a152-0ee26fff7310,True
9eea853d-6fd8-466c-b591-fc60ff1fc396,True
eaace925-2b5a-4919-bcbe-66e5e26a66eb,True
447a920d-dcf4-4512-995e-d416c4333a7f,True
b268cafd-3de8-4e7c-81a2-590b8feb4fdf,True
950aef9d-272f-42f7-9998-b511156e280d,True
86ea70d4-a226-4460-808d-3c57df1f0437,True
33f08a8e-1437-4223-a4d3-6c3b9db6d95f,True
5d79b1b4-1ef1-4a61-a408-f57f04b16c7a,True
f7420846-ff0b-469b-b59e-95f03a8555a6,True
0be21778-1344-4015-88a9-5fd96443b412,True
0b9a4116-0bd3-4c64-8bba-ff6c12e5b94c,True
a7145012-e441-4446-976f-1be700dfa939,True
04540f2a-9945-437d-801e-85fb89d21fb4,True
3d255196-46c4-47c7-a4b6-5e3d8d8ad048,True
06f628c5-7c35-4437-b8bc-95fbe4c8b729,True
4a22ab5a-049c-4d42-a53f-ccdaca5301e2,True
1b644347-b885-49c8-a15d-6e9d7c41b6b0,True
db27fee5-9d8d-45c5-b076-2f8f5433f785,True
7ebc2f80-a6a9-4ab2-91b8-6ea944eeb90d,True
95ad580f-9cc7-4fb9-82a2-7c1a08f212f1,True
022f3f73-1e55-4d49-b9b1-b82fb2b3553d,True
4c6c28ea-a40e-4788-80f6-eb17b46e3d17,True
2a3cd0eb-d17d-4c4a-b057-496652af0db9,True
1099e9a1-672c-44e0-b261-cc1b5da81753,True
1343c386-a6f2-467d-9580-f1e6ca78ef66,True
2ccb0faf-a923-43b2-83e4-bd2d7c392ae0,True
a6559951-0cec-43ee-9e1b-5193090daf18,True
f6c345a4-f394-4bd6-9b60-509ad1915347,True
c91af9c6-368c-47b6-b2d4-eb96949fd703,True
6f561561-3386-4518-b90d-5d4e6d2220d8,False
1c28066a-16e2-4400-b19d-faeb17fac758,True
906d7465-5f5a-423b-a97f-0146e5efbeaa,False
fb40f6f0-0528-4622-9e54-a6a0bdde9006,True
1cdb527c-d23f-4b4f-877a-bb86581a2c77,True
f22d20c6-0110-478b-b373-46294571ed5c,True
8cdd8450-8458-4e83-8a65-48b4facc70a6,True
372e7004-afcd-4de6-8f05-dcfd0787e096,True
d9a57daa-c152-4507-8dab-d32aa867d5d2,True
b0ab6995-4b41-4c21-b09d-88b460bf38ab,True
349bc056-1094-4df2-a7c4-388d047bbf83,True
c15e4d46-ce41-46a2-8c8d-b373008d68d1,True
7e502313-294f-42d8-a620-730b28fd3e65,True
bfaf6fee-95e9-4707-a150-f780c42bd6b6,True
8ef69606-c8ae-44b8-9d46-c9eb935bbf04,True
b000a20c-4d94-46fb-81bc-b088ee0cd0cf,True
1dda5984-a126-4092-8487-ab937875b1a5,True
a127cb64-5a3c-4b5f-b75c-10bbe6d08fc1,True
5d9a6e00-1489-4f8e-9069-2223269a4101,True
d59db734-2e06-45a1-8883-958772ef7e27,True
5e8477b1-05cb-43c2-b309-570c3f00195a,True
02d96b51-fc7f-4adf-951b-1265435a7dd4,True
c90b7f8a-57ff-4f08-9ab1-1733e7b99577,True
ed2dcb66-f91c-4444-b286-e32a9357937a,True
9c1ea927-1c96-4bf8-9534-4f72e292eded,True
46b28fe9-1771-4687-9f78-3047f9c8d5eb,True
527c0856-26dd-463c-898a-10b0f2ef4861,True
16114287-07a3-44c4-a183-5317122526c6,True
1b6d17ec-ea86-4b38-a135-4f22577aea91,True
bb37aad3-45ce-42a0-8abe-4e6fd7154ab6,True
fce3a84f-1e11-464c-a719-3eb8fbee3167,True
5805120a-4ff9-4717-bec4-262efaf9a342,False
a7c5a880-5f20-4e74-812c-13ddf0f20fb8,True
0389fbd3-3f82-4c12-9c5d-0b3bb3a4e4e4,True
138394f9-bc20-4293-8e0d-aa4e9e02fd1b,True
99694761-6512-432b-b88c-bc224e4f032e,True
a331c283-e23f-4d37-8d25-b3f765168854,True
47826c72-c4c3-44c2-bc8d-ac0c7e34ed77,True
6a59c66d-980d-4071-a61c-ee074e1ef0d2,True
3850419f-6f63-4c01-bffd-b1340a752578,True
2d23f4ed-3d15-4126-bfde-0f7bc37865ab,True
cc72304b-991f-47cb-9466-b21b0db11e9a,True
40928b38-3e1d-420e-a3c5-8570d3fae55a,True
ef988818-f6f9-4a00-a6de-484e7d6b0dd2,True
463e7b47-204a-4a5e-832b-bf922d24ab77,False
0d8c2ccc-c582-4b6e-9f39-43291120eefc,True
443351a2-f428-4f39-8325-08b546aeb0d3,True
1cbcae4b-17d9-44a7-af81-a8c0c58df28d,True
92d3114d-f59a-46e2-8f6d-4faceb4ed794,True
dc7826e0-4f7a-4a14-821a-4dad149952b3,True
79b06e00-0409-447d-a151-d3ae8e8ff4bb,True
5293fec7-c7e9-4a29-b4ee-ad8e4a33b0df,True
394309b4-8b0b-41c0-a92d-e8640c15f218,True
eb504e93-9f86-4f62-a2f8-a7d3370b6c94,False
8f42b87a-74bb-4eaf-96c6-99b4db91c479,True
b0d887cd-34ae-4d79-9541-86b887f6fcf1,True
cf88e8d1-db88-4d7b-a2ef-a0d8e74a90b3,True
ef38fb7e-67be-42e5-b740-9f049d9d4b34,True
48d696c3-54e8-4fbd-942d-16014f0cfedc,True
2039ab4c-62ef-4973-9bce-f4caffa44b42,False
befd4a64-0666-4cbe-ba76-4d66e6058321,True
322ca3c7-7ff2-4906-80cd-a3c30616467b,True
f0f48868-4271-4890-8ddc-884ba6552932,True
b070fb47-f5a5-445c-ae7e-aaa0745b36f4,True
51dc4fd1-349d-43b7-b989-ac0b0c121134,True
5e65cfd2-31eb-4448-85d5-622622530aa3,True
1a60eca5-cdd1-4904-bcc5-9aafc05d7d32,True
ea58abd0-2581-4d9b-8afc-dded253c1591,False
bb1a6c4e-3a2d-4026-a41a-58c3de811c43,True
7e518609-6cf8-4ec4-9ab2-6821da9badf5,False
7626beee-f71d-4f2a-9e1b-cd04ca2937c9,True
fc91dfe2-3cd5-4813-99c5-fcaa63904644,True
9c82c8e9-13f7-4cac-a2de-eaac544b382e,True
d40abda5-515e-4239-a07b-f3a43e5daaea,True
4c263941-b664-4924-a959-510798bf7adc,True
3b64cf7f-7254-4a21-aca1-490981534c2d,True
3b9a8fcc-0ba3-4b11-99d7-25580ed07b39,True
ba65008b-937e-4093-8cdd-61ff54ad4ed5,True
18437d7b-cfd5-44e2-953c-2f9ac532aa80,True
d790f8c5-233a-40f7-9779-160c6612636c,True
d70d34c9-ffd6-48f9-a271-6e2965ceb26a,True
c6a0cc74-0908-49a7-bbe1-6f2e724db314,True
f70c3289-903f-4620-9827-601dfdaf250f,True
25e4d5a7-31d3-4a7d-9590-dc421bb0b57c,True
095d4c08-f0ef-43f1-a938-420582f491db,True
0d363ce1-e68d-4d3e-940a-41200f883bad,False
9945eee6-f120-4cb0-8846-c503e5ad60e1,True
650873b3-cd48-43ab-8e83-22deedf4ab7a,True
a764ba55-00f3-454c-afea-b0859355150b,True
f5a59105-f040-41fe-a196-f250f23a39e5,True
17acaa62-4569-4bc9-9179-81aa6ab17526,True
98ccc6da-0523-4380-83a9-79ad43e5a799,True
9e171547-d667-48d7-a46d-107818def4d5,True
496c84f1-874e-4ccb-a20e-def75f98789a,True
281ae128-5877-42a7-82ab-1f7585856e68,True
6fbf8b08-9cc9-404a-8d7e-788e95097dbf,False
631db9b2-e7cf-4f00-a74a-aba4a20fe3fd,True
b3f5453d-7567-4ffc-a94c-3abf904855ab,False
61611552-90a3-461f-bed2-4ddd32f61820,True
a9f2d0f1-45b5-4405-a51d-160d8b34ce1d,False
0e7992dd-6009-4dab-818e-1d785bfd89d2,True
589e20b7-3cd6-4a3f-8f30-63b725e6faaf,True
e9633113-1574-46c7-a3b7-32041294a323,True
6825b410-a157-4208-aef9-9bb85b71694e,True
9c5983da-9a20-4bc9-8fae-96996d81221c,False
1469b2ea-4f68-4de7-b7a3-ea7ebc300bbf,True
8a4e389c-4f95-42e7-a25b-2ef9ed7b3f20,True
3f1c3905-245f-4099-9079-1b5ea767c068,True
5aa0cd54-a3cd-47cf-8c0a-94baba0595c0,True
19413b9e-031a-4f2a-a168-a159bc80701f,True
682b2465-28be-479c-91e7-2b05b2e0e4b7,True
42c165ed-dd9a-4a22-8b46-88897bd03b08,True
35246faf-f3a0-4020-a882-3252cbfbc12f,True
1fcd4a80-3903-4dd4-83ae-514fbae82494,True
dafe8899-a090-42c8-9116-f6a42dc79a4c,True
f1908bb0-ae94-4f37-b4f9-a33bb1321007,True
7ffbf528-bf8d-4422-a68b-bb989cbe7787,True
a8d884e2-0475-4023-99e5-335ca0a61c5e,True
6a319a82-590b-47a7-a69a-27ede61b93a3,True
8fd989ae-554a-4914-b3af-ce8206ea7f37,True
5f7452ba-0d6b-4e3f-a19f-38e39e9621f6,False
cb9c110a-9202-4ab1-a0a1-4deb77ceb664,True
5ad70691-dd85-4c7e-9c08-d4a1a3b252c9,True
af19dbbc-6560-47b6-a70d-9cb77c4d6e83,True
1ca1f62d-c731-4822-845d-5caf8c474f39,True
80c56bc2-3017-4ed6-bd16-0722f87abde0,True
e7a89f25-c48e-4443-b9a5-1369281ee200,True
cae167f7-9f90-4203-be2d-151286697fe6,True
a0391928-32ee-4ca1-9110-b9452133ff4b,True
4d1f5dd7-0a23-4e2a-9234-a8fe308be2b0,True
a03384d7-2525-4e89-9389-0abe7ae0be8c,True
40e53403-23f1-46ee-98a5-c7168ca43ff0,True
f049f85a-02df-4287-bdd5-93b18e486543,True
11b404b2-4331-4476-a9b1-b6f475ad5a80,True
034f7633-16de-4116-9bf5-72b8f7313ce7,True
45848fca-4270-429a-86e9-c31da140651c,True
e52ca8bb-348e-4bc5-b9c6-62c86a257970,True
f39f0167-941f-4631-9cd6-22cb3fd36d11,True
cb6b1b62-ce55-4ff4-8c50-cdbfe887ebea,True
7f7cf776-ffa6-45f9-8033-efd7bdaa1a62,False
69656084-83b4-4c40-8b21-4e8c9afe8e32,True
304f78bb-c64c-4ca0-8d5f-000207b6133a,True
4d4ba9c5-137a-452a-bb0f-8d96661a6c67,True
7fc8a99a-559d-40bd-b089-0574098218c2,True
df97c4f1-5c98-4dce-90e7-3de627c14f6f,True
b1391b7f-d227-46cf-81a6-6675ab19aa41,True
4b5a67a1-c023-4968-a5ed-ca57393af337,False
8ce228cb-9f3e-4f31-a1d4-d34953c887e5,True
7e80e93f-f0d0-4c55-a7b1-22a5ffedad8a,True
c45522f9-9277-40a3-9921-4469b042545f,True
e8ff1fba-fe5d-4e05-88ef-330782181d45,True
2d56ef16-a46f-4d47-9340-25b00718b140,True
9f0bcea7-3320-444f-a845-d8ed2d7ddc95,False
d07eb186-1670-4ae1-9341-dd32a49a012e,True
2390ebb0-cd9f-4434-b766-3e0051015c59,True
9890052f-a270-4bc6-bc23-3c1c6e3104b9,True
aee0393a-f752-4e65-999b-e61d6ca16023,True
5f3501b8-a4c8-4155-9076-816beadfde25,True
85e28aaa-275b-412b-a5d0-36c8ffaa4a71,True
14b81f11-2d9b-4f44-a040-0ae04434d752,True
28f13cc7-8e9a-49ec-9e41-5524f8a34479,True
96044cc9-2050-4019-82b8-5ec18b64a5fe,True
fb4f184f-464e-4f3a-8a04-d388b305519c,True
2a028cf4-dc1c-4741-89a7-c4d89b1fbaa9,True
b8706d0c-2e3e-4e49-979f-1886ecc7333c,True
98abc0c9-17ca-4b51-9b9a-4a80fdd7d09c,True
525477e6-b509-4267-9010-eae912e0bf27,False
5b316981-7c30-4eeb-9602-9a3eb8f026f8,True
6006fada-f7e5-4957-b6e9-20b3c0ec6822,True
67aa19e6-9f5c-45e7-8d9d-1d0656b7fb46,True
33913c0d-749d-48d1-bffd-48d4bbf5d6ca,True
4e2b7633-188f-4ccf-a420-bcea78bc4655,True
9abb21da-536f-471d-8610-d2bc4e2e49d0,False
2f70ac3d-6259-416a-aeda-0f11fc7baa05,True
57f7ad91-2245-4d74-a213-0a214dc6305e,False
4437ff98-4e76-4cfb-97cc-333d81445564,True
e0ae95a6-c2c0-4f49-99c3-d84d943b9dad,True
3332dfbd-4b5a-4201-ba6d-62f1dbc4cb09,True
65fc752a-8ad6-40fd-8fb8-bedcbcfc43bf,True
ce887dfb-72af-4b38-9b0a-021b37e589e2,False
10848183-fa93-4f76-853a-c0cf8ad4d346,True
916a51b2-9fa9-4638-bd8b-41b51e6bc195,True
faf8b01c-829e-4e9b-8db6-e95f3b430c76,True
2b443fd3-093c-49c4-87b4-dc674e8d8c5c,True
1ae80278-7152-4b74-a2a1-b7d196082a1a,True
45589238-9112-4e2a-91af-1285cc7a4719,True
8819097d-4a78-4e13-8ac2-74a63dc67ccf,True
c053bc9b-a2e7-4c57-b430-fca57133f6f6,True
980b105b-d54b-4762-8977-e8333f7166c0,True
fcfbccac-ee5b-403e-9b8c-f928c52ca171,True
778b16ed-e08e-439d-8cb0-b302acb14a30,True
7b96dfae-640a-4183-b930-692ac8bc9583,True
8bf7416b-1621-4fb6-9395-2477d9b62c61,True
858fd63b-52b1-4785-a212-dfa314ed6579,True
68707d2f-71cd-476f-af1f-64c3315eca83,True
f073f7ca-0842-4fbd-b96b-7a11324370a0,True
85c77026-931c-4567-8b2e-8c777ea85633,True
7987b013-1be6-41b3-a608-69cbbbe61aaa,True
72217792-43ce-47a2-a773-f53a7ec3bec2,True
bb574442-50b5-488f-ba59-bc99a4d745db,True
3f5dd1d1-01eb-42aa-bf8f-ffc3c5f6f115,True
9d53aa22-a883-4e23-9d4a-363b51fcac0a,True
27393c79-562a-4f3c-9d23-78a13027ea7b,True
7f345c72-23d6-4a9f-9495-b1a1a1ed086f,True
5b1dd38d-0853-4deb-ac60-c7b2381b9eac,True
3faf4b95-6f03-4ca2-9e26-373d26fe3f60,True
b58a3fd4-ac0c-44bb-8c51-43b5b48d8a0f,True
851c5b17-32b8-4086-bc6a-54282378ba1e,True
0e629dbd-d1b6-46cd-b6d5-1db4f2b03925,True
5781455d-1222-43b7-8be6-00298630683a,True
26db73ca-696d-4149-b886-c79b956af8e4,True
6f57cf52-0212-4503-9e1e-f6006c8dcb5f,True
a19505e6-0e66-48c3-95bc-ed48bad860c0,True
235def95-4423-453c-b241-45303c29a681,True
0c84033e-ad07-41a3-8ee6-b43d8aa8d41f,True
f6e7f449-21c7-4da7-826c-29b94a25415b,True
5c330bf3-7775-4a45-8100-4560f4ec571e,True
7430b3ec-9e05-482a-be0d-70db3e5a8d88,True
07b5ea18-f633-4828-a77e-98cdfd6045a0,True
bda74ed4-0b22-43d5-aabe-97865a723a53,True
825e8a2d-7f17-4440-ac22-7142b84f7207,True
44071956-8073-403e-8652-7d9b6e31e626,True
fe4cbe3b-bda7-416f-9b55-d9d4881367c4,True
2154b4fe-a317-4aec-a8e4-72103f4db03a,True
e302f854-02f7-4250-aa9f-b523004d3931,True
30304afd-de49-4b6b-a851-a8fe21bd326e,True
7da754d5-cb94-4375-a439-ccf8fe2270a8,True
b7355e82-8fa4-41d2-ac7b-6573a4d12be3,False
a9c81204-7036-4043-9fc0-785d00fdcc0e,True
167f1c5e-6b97-4f99-9a10-0387f3d511f1,True
2b8baf41-5336-46be-b61a-5b6aaab4a37c,True
b7580233-4da7-4de7-abb5-2ac5b006cd84,True
0d3a3f60-5608-40c6-a9b0-29558d8aca36,True
88cca729-0a10-4571-8971-2fd106fd180e,True
d9835b69-ce96-4c31-84b2-301f5b7e76a7,True
dc63507c-808b-46a2-898b-c0ee0d2efa6f,True
89147a92-30c2-42e6-ac48-118e8075a235,True
22f501cb-9ad4-4905-af28-58a5b447c185,True
c3ffa8f0-b997-4dde-9925-a1949c6371c9,True
4157e75f-257a-4f8d-b16d-7911d1ba7b74,True
939ced2c-0563-4aac-aa7e-4b0094034f34,False
ef48cdd1-9e21-4f17-a6de-cdc14af52530,True
3aec2a91-3d44-4e16-b91b-8933693dc10d,True
aa61cf47-5e8e-46e7-b578-97ace124a858,True
88c293e2-d863-4ce7-aedd-14fcbcbcfeec,True
3a8a77a6-0e05-449c-a99b-b5ab6229ccf1,True
987145fb-f030-417d-af1d-6722f3cea0c6,True
4e58007e-9161-49cd-abef-7bc0c39cffc6,False
ea9eb977-ac0a-4e11-a288-24e334a69e33,False
6ab19fe2-6409-4206-bdeb-09dcb6df87e5,False
4eede081-7ee4-4c0c-ab34-2b088dd48863,True
904c8669-9392-4c14-9cab-b6d03dd2f11d,True
d468ae58-4d02-4dbe-b287-b188ded5f78e,True
a8fb384d-9021-473c-bbfe-57907449cd29,True
de220fce-5149-4303-a5ec-b3193829ef95,True
5503398f-f274-457f-8d0a-ca6ebca22f09,True
0cb8ea3f-b817-44d6-a975-7cb6a871bb0b,False
c1cf26a0-7139-4284-85ec-e25907b4bd4e,True
4f64eaad-3541-4fac-b382-bde12e9ba02f,True
de30fbf5-e270-44a2-bb5a-5c47544a2754,True
5576b2d1-da02-437f-bb9a-e096231da9f1,True
a592e428-571d-46a3-85bc-fc239baf683f,True
cdf27a52-f0a3-4b26-8d60-a7d515056c23,True
f792a99b-ee20-4576-8b10-06afcd85292b,True
58f7db4b-dfd8-49c6-b206-f7579d20ed96,True
c048b191-536f-459e-b015-ca4efa05f0fc,True
1248c896-399d-480b-9530-5c4003e35bcb,True
5543638e-35ec-407c-add3-d6e1a4a0a7b1,True
91fa838b-f2fe-4669-9d53-6543d185c6c7,True
24ca93fd-9330-419a-b9a4-7d772e20cc58,True
ed5f8d81-2f1b-4275-8db8-3de6e1d1d854,True
cb121d3f-6e84-48d1-ab09-aa09776b9bb6,True
b0f0506c-dcf4-4763-9328-7665207f0900,True
75ec99bb-374a-4eb7-8870-e76c549ca2ac,True
a3e79de9-72cf-4475-9391-0f7eac94c527,True
7a223d47-fa21-4933-b6a9-f95ff7d0782a,True
c3472428-37aa-40cb-81fc-18fc589a8279,True
4cf2d603-43cf-4949-bb7b-d983d37f1b93,True
8e4ac5bd-d611-48de-9215-ad0aea9dbd4b,True
6b9e3d2e-ea97-4e04-b702-f2f20cebeab3,True
c65b15ca-602d-4bbc-8427-58fde16a9a25,False
ce77bd21-1d24-477e-91b1-02f116407209,True
9b2b3445-0fcb-4e7f-809d-ad5778ca580a,True
ac64b4eb-2e09-4186-8e4c-eefb958181cf,True
0bef78a4-134d-42f2-bcac-2ae02d421153,True
7d1b14a9-d1f7-465b-9977-a8cf72f35d9f,True
9535749a-21fe-4b0e-b71c-b00ebdbdbfcc,True
38e6a87c-84f3-457f-9d97-e1cd7418e5a8,True
e39633dd-cbfd-4fb4-a797-fb14ac55664f,False
78d62b59-c888-4ccd-aa54-1bc249943338,True
c39cd141-5791-49ce-a859-82d433ae4fbd,True
4a929ee2-41fc-4048-92d5-4fda95b707e0,True
2c203925-b446-47f5-a8aa-3b758c47dd96,True
e26584b8-1fe7-40fb-b854-524971b07b67,True
6dde2cfc-e358-4d5f-8006-9f1fab42c7be,True
15f5d483-f8ca-4006-aa28-4cec96203152,True
9af91d52-9860-4150-a0fb-bf95d2109ad7,True
3c9b6838-926a-4a42-be8b-0a339e43f094,True
f97ba5db-1cd4-48a3-af82-ad41e7dd6eae,True
06a4aee1-b0d2-446f-8686-b92a4dc738c5,False
7602528e-4ec4-4931-8599-38cc1672ccc4,True
adeabb85-9cd0-41d1-a7d1-82f10bed7384,True
ddf7e2c5-fda7-4281-80d2-3c59a0714379,True
e3da3537-ef5a-4880-afbd-981acd9ac512,True
5766c07c-e96e-4a89-9fc8-3f511dc4215d,True
58393210-c49a-4871-8674-7c0205fef648,True
6add2d45-cf00-42c6-a9f6-1655199f6684,True
03ce0b00-25da-4496-85cb-42f1f19f3695,False
25591b7e-c6c3-4469-af28-258869f01f8b,True
d3399065-2809-4a90-ac55-981438ad1236,True
c9799ff9-489f-4660-a8bb-a789131f08d6,True
b06b2bcf-97c9-43ee-b552-3817f810b546,True
e521f50e-8bce-4069-8d84-b5856efd0b41,True
30a0e645-2b82-4c94-9238-e151556292c7,True
08741c92-144a-42f6-90e0-a1b15f6e89f0,True
cdcc2962-9bf9-49bc-ab35-30e6004ce70f,True
4b1a6cd0-d139-4084-8a07-b91d71559765,True
c0970acf-02e7-46ad-811e-8941cdeb6d36,True
fe857923-af2c-402f-a04a-75b21eb1d2cc,False
98b51ab6-1099-46f4-b4e7-52805554d572,True
44b90036-76f4-4bbf-83cc-c471f0a405b2,True
18035651-7c40-4894-9dd8-e0c7672b56ef,False
28d64ed7-5fbe-4766-9012-66b26e2bad5b,True
8e0b21e3-bc2b-4918-bec7-30e5cad45258,True
c3839568-d59c-4b55-8236-f5580738fcb4,True
8ede995f-5628-4bda-bf8f-3190b42f2564,True
34ab9bf3-226a-410c-9257-3fafa4eb8d1e,True
62c2dbbc-c6a6-4343-a840-db56f84113d9,True
d9dc5a52-a937-496e-b2a4-d4a0e1c3ad04,False
278847a4-fe4d-4643-873a-055059409e81,True
9577de7e-795e-4719-a85f-abccef751a50,True
f8211961-a25b-4d02-b80d-84c3ca43ffb2,True
ae85cf15-5a77-418c-adfd-175b8f7e231b,True
0b7861f3-5250-4481-bb9c-26677a714272,True
71cee2b7-a48c-4f2c-8d56-002046e3a26d,False
0d6562cf-b2da-4e16-b846-87482a92a18e,False
afb59409-183a-49b1-8f6c-be6536655486,True
57b01db3-e699-4d9f-b77b-37bda2d106fb,True
3b341b3f-77ff-4491-9aef-c9a074911648,True
5ea595d1-25dc-4c4b-8233-c2b550ab5399,True
b9414ad8-ac93-4c4d-a961-a634df02207a,True
798526fa-7cb3-47e5-bee9-412ec5066d7b,True
fba5bc6a-2314-491a-9ba7-fcfff717c4f5,False
77407cb6-cde0-4b09-868b-30e7866fc94e,True
0afb5d10-48c7-44b9-a6d4-828f1a9ecf7f,False
fa32a6d8-c57b-4290-8490-1e04fb8e9016,True
0befb3ab-846a-4319-b960-7a94aa54d463,True
6af9358e-9447-49c2-b425-0dde2c545f18,True
01d00bbd-1860-4298-b50e-bed739432c56,True
1e30b7d0-0ae6-49a3-ab12-f94a1e9c619a,True
a0ff7122-d3f3-4ae0-ad4d-778008bc1f09,True
23c15f37-fe7a-425a-bd5f-169a5b909c9f,True
a0aa4a15-fd38-4f62-acc3-8c81249b8ce4,True
cebd9153-7bfd-4187-8540-986262db0fbd,True
dfc50170-8033-4235-86f8-7c8b2927eadc,True
d3bac9e7-e750-4c3d-8c34-1b03192e09c9,True
e3d7cdff-d8d5-46ba-a1da-9401db97ff5c,True
790bbf60-abc0-4151-b428-d5c32e8a3975,True
9d747acf-6ada-451f-9898-057f90779080,True
60ea2c66-d4f3-44ee-801f-426973cda62d,True
04b38995-0464-4a1e-8cda-fb224f61c7fd,True
7fa47192-b414-4986-945b-847afdbbbef3,True
b39a58f8-dc6c-43e5-9d09-8621489fb680,True
e731e259-1e58-4142-bc83-d507c95c7d14,True
cd15e208-ff6b-40e0-9757-5c6a78b9d33a,True
30520921-cafa-4fbd-96f3-3144282c2f52,True
6feccff3-98b2-400d-8c30-03a392b7b288,True
b21b3968-962b-4ee4-b1cf-9c6c4b5da0e6,False
1a593413-e7a9-4dd4-b946-ecb599c6757b,True
14466126-aeb7-4e54-a554-b8627aa1a236,False
b980253c-4b17-4eea-a923-99be94ff7684,True
215bf753-d44b-4e2d-b821-5f26e09ac380,True
97a2d722-5545-4030-a037-6bbbae54dedb,True
464b68cd-0ebf-4c50-a16f-ecb61165ae62,True
67b7d8ab-eac6-40a8-a89d-da83dd89d051,False
93c09901-0f9d-443b-b6a2-7ab5bb8d9fc1,True
696d98e7-1812-4c7b-b27b-97bec86ebb19,True
71b8203f-d824-4abd-abf0-0326a1160246,True
2537c64d-3a97-4cc9-b8c5-9eff66a2fef1,True
0405328d-a716-462f-8732-c9887c090c32,True
a7749a86-3aff-40ce-8345-01af7994af3d,False
a537ca18-9013-4ad1-a3c5-791c89c388fc,True
31a0518b-c81f-408a-ab09-2081197cc8b8,True
5a3dc92e-4964-410d-95fa-210bd5f733fc,True
633bc16d-235a-4480-8396-51153e0e3ba0,True
8d0a9262-f928-4699-97b4-daad12a1cdc8,True
68856946-cd6c-4a9a-af5e-cdfc7dee9246,True
d36667d8-fe6c-440c-9f05-952d3b1c1cf5,True
56a43533-92e8-4ffa-aff5-a4e318a57e04,True
2453398d-9972-4815-bb58-89eaffa0827f,True
dd2343bc-b6b3-49f3-9a4e-ffdfc2dbbe0e,True
998b546d-fc6e-42c2-9492-32b4878db83e,True
9183a96c-eaac-49e3-bf1d-2868cec2f172,True
daedf646-ae5a-4752-aeb4-9e7c89261aba,True
40f39d3b-a972-4ffb-9ba0-6698d1ad10de,True
1af4bb7f-e1ab-4956-bbc1-2e31e7726025,True
55167f0a-7ab3-47f1-8792-f503713e2527,True
e05baf0f-e6c4-4b0b-9cfd-bb033a5fcaa0,True
f2bc6870-4b96-46ee-a7ab-e1bcc3042ce9,True
27a353ba-9eb2-461b-9ca6-e3d7d8ffd4d9,True
fcfd4962-6709-41ab-ab3b-597eb32f8d26,True
3524cd44-c63f-4347-b15d-9d617a90a343,True
bcdb5d65-ebe8-4c2b-a8d9-ad241339b9c3,True
a2925b84-fa4e-496d-b6e6-16b24c9309b3,True
a4ece437-2a7a-49f8-8307-e0bbea9c528d,True
81c4e5dd-35b6-4beb-a51b-5e50446e1217,True
9a62922b-5700-483c-b450-75a8b589553a,True
5ba49c1c-8b77-48e1-aaf8-6e1a685bf43d,True
54d60c26-2941-400b-afba-581eb82a678d,False
01ee0106-91ea-4e2a-acaf-54467e8acefd,True
de9e4fd6-a5f6-4a9c-85cf-702f5ed3f4c6,True
6255cd4c-4823-4573-a052-f9b9ddc956ae,True
89abcf36-f2e1-4e96-af6a-a1d64728fc46,True
17013580-ada0-49d8-9a42-432db239e9ed,True
02d98c17-fda5-4251-a160-3765194dbcef,True
bad01506-39f4-4c59-a4ec-f74f86274bc4,True
14409b60-eb6a-48d4-a19c-f7191c9829b4,True
9899e046-fe56-44a5-a7ab-914d50b44096,True
1c654864-4981-4382-b9ca-044817a55e81,True
70d4d978-879d-407e-bfca-04327fa29bc4,True
398b7ba1-274d-455f-a61d-c52e6d34aedf,True
b6bf380b-99a1-4039-a065-51778f6ae942,True
87f702fe-fdec-462c-a4e1-86f6354bd9cf,False
d144a96f-adad-4e81-be76-57b0818faff3,True
bedb0009-6f2a-481e-88e3-f778ed80cce8,True
f0910285-b46e-4860-8561-376ba1411952,False
10f7b370-5404-4287-a89d-0b3708f02484,True
ee93b306-9b58-46f4-8024-50e01638683e,True
d31a27da-712f-4c4c-8f98-8d0e327a6d0d,True
bb5301b3-b8bb-4659-9b3c-950b31892e9f,True
f37e1dac-5b63-4aab-8c2c-9afd919f18a3,True
24caa819-4cfd-45f5-9710-8cf4917f2f2d,False
b167859a-c449-4eb3-893a-36a77c653821,True
17565229-b653-4f2a-8c53-7bae008b5e2e,True
0089e8b2-37bb-49db-b93d-f564c482fc38,True
0b257280-4f48-4920-af7f-f86cccc531ad,True
bb96c0f1-dfd6-400b-beeb-496039d2a231,True
573b0b55-536a-4779-98fb-5dd26ba5500e,True
d93b680a-87da-473b-99e9-e615bab7682b,True
70871cb1-c0bf-44f9-8fed-e4c6a4356a15,True
6794cd7d-f173-42ce-96ae-c318f696c45a,True
9c2742c7-41d8-4f56-891a-b7fbc0eb8d9f,True
43e9f084-94c0-4971-b8f1-453ebfbb1729,True
80f2924e-1e03-4c1e-a218-b9695f694247,True
9602366e-dfd0-4e81-8345-33075c5ace39,True
298e9fc3-7b96-401c-b77b-102c73ef42de,True
6fd843a9-768f-4881-ac42-34788e802486,False
513bde27-432d-43c4-af4b-441da4e75d17,True
ed082571-fd9e-40d1-af45-e97dc20da7e2,True
56977562-c676-4c88-b2c1-ed7f13f52836,True
1ca28751-513f-4279-9f71-aeb9848ed292,True
97ed395e-c4de-4a9c-b7aa-fb9b55385079,True
38cebcd8-f205-4b4c-a5bc-450b20a6d440,True
ad948556-1395-4410-bae1-6c233d28d6fd,False
61c7b38f-d8b5-44e2-a720-5837e80f8660,True
e9e32bad-33ed-4edb-9ea6-43ce5d87876d,True
3aaf93af-dd4f-4edc-a659-4d38a8131808,True
f06d6dbd-26e8-44e4-9ca0-ff45b9180c84,True
060aad86-417b-412b-8e67-83bfeb57d937,True
b85a829c-eaee-4ade-adbf-2adbb6f290cc,True
2233cde8-7952-4142-8c93-4ac52da9216c,True
19078271-fab8-4e7b-aa18-7a5291402c9c,True
1ed9a3b5-d3a1-4ebc-88cc-55f9777b7f15,True
4c91f172-baa3-42b8-af18-91e541e2470c,True
76858e18-23a9-4070-97ca-6c30fc5f8d18,True
9aa3a3b1-2187-435a-a845-ea3c878f9adc,True
8f438afd-3a53-4c1b-8fc1-424c360fa551,True
c4d0d407-c224-4285-b2e5-92783539bc42,True
39a0597e-33b0-4ba1-9d61-39332074b562,True
dcc24c60-6c04-4e4a-bf47-8c3a6a69b8bf,True
6af3e049-eefb-49f8-8ca3-a7d7fcbf704c,True
61102fca-2cb1-4c3f-909f-86d118897206,True
70206004-b122-4a03-943a-68b496cd5a0e,True
f6e77e75-7da5-4f1d-b706-e09018c117b7,True
57c77ce2-e0d6-4962-83df-15c6ba47b80e,True
2471f9a0-1076-4530-a67a-496513d886de,True
7377f007-0ee0-418e-b726-9621628a05b6,True
e65dde41-6d7f-471a-9cb4-ac50fe614199,True
58371a42-cdb9-4136-93bb-4c4f0016e315,True
6af4f399-7734-4724-9354-bb4c1c688d64,True
25bfc3c3-b8cd-469f-a66f-6719811fd8c2,True
3411c1cf-c996-498a-9277-4b17ccd94025,True
e7eacacd-60ef-4998-b302-0fa5eab38316,True
80556353-452d-4fbf-94e0-921717ddb1d9,True
f25dfeb9-c8b4-48b6-9f00-48a7c0d30076,True
28a9a93a-c229-4302-8287-f0332db5304c,True
f0d772aa-9319-413c-b50a-a400de613012,True
c0b20f83-3843-48b4-bf2b-3e2de662f84d,True
e12de90e-2576-4491-bf87-7843152f21ce,True
d1857f59-c70b-4ce4-99c7-0cbc77d46d39,True
4e548cb2-f72e-45dc-a57c-4f40f30089e5,True
